"Вид нерухомого майна","Місцезнаходження обʼєкта","Загальна площа (кв.м)","Реєстраційні дані","Дата набуття речового права","Сума витрат на отримання речового права (грн)","Дата припинення","ПІБ (для фіз. осіб)/Назва (для юр. осіб)","Ідентифікаційний код (для фіз. осіб)/Код ЄДРПОУ (для юр. осіб)","Місце проживання (для фіз. осіб)/Юридична адреса (для юр. осіб)","Дата відчуження","Вартість відчуження","Наявність обтяжень","Сума доходу за звітний період (оренда тощо)","Балансова вартість на кінець звітного періоду (грн)","Вид речового права","Тип власника","Партія","Місцева організація","Код ЄДРПОУ осередку","Географічний обʼєкт","Дата","Квартал","Рік"
"Нежитлові офісні приміщення","м. Київ, вул. Волинська, буд. 60, оф. 38","14,8",882878780000,"2020-06-30",20000,"2021-06-30","ТОВ ""Фірма ""Престо ЛТД""","19018118","Київ, вул. Волинська, буд. 60",,,"обтяження відсутнє",,20000,"право користування","юридична особа","Перемога Пальчевського","Центральний офіс",39877693,"Україна","2020-06-30",2,2020
"Нежитлові офісні приміщення","м. Київ, просп. Голосіївський, буд. 89","180,1",,"2020-09-07",350000,"2020-12-07","Стефанішина Галина Валентинівна",,"Київ",,,"обтяження відсутнє",,350000,"право користування","фізична особа","Перемога Пальчевського","Центральний офіс",39877693,"Україна","2020-09-30",3,2020
"Нежитлові офісні приміщення","м. Київ, вул. Мишуги Олександра, буд. 7А, прим. 9","137,4",,"2020-09-14",785592,"2021-08-31","Ревенко Сергій Борисович",,"Київ",,,"обтяження відсутнє",,785592,"право користування","фізична особа","Перемога Пальчевського","Центральний офіс",39877693,"Україна","2020-09-30",3,2020
"Нежитлові офісні приміщення","м. Київ, вул. Миколи Закревського, буд. 95В",180,,"2020-09-01",7398000,"2021-08-31","Степнівський Володимир Альфредович",,"Київ",,,"обтяження відсутнє",,7398000,"право користування","фізична особа","Перемога Пальчевського","Центральний офіс",39877693,"Україна","2020-09-30",3,2020
"Нежитлові офісні приміщення","м. Київ, вул. Юрія Поправки, буд.14, прим. 269","133,7",,"2020-09-01",935900,"2021-08-31","Стрембіцький Андрій Анатолійович",,"Київ",,,"обтяження відсутнє",,935900,"право користування","фізична особа","Перемога Пальчевського","Центральний офіс",39877693,"Україна","2020-09-30",3,2020
"Нежитлові офісні приміщення","м. Київ, вул. Маршала Тимошенка, буд. 21, корп. 9А","79,6",,"2020-09-01",670000,"2021-08-31","Стрембіцький Андрій Анатолійович",,"Київ",,,"обтяження відсутнє",,670000,"право користування","фізична особа","Перемога Пальчевського","Центральний офіс",39877693,"Україна","2020-09-30",3,2020
"Нежитлові офісні приміщення","м. Київ, вул. Михайла Грушевського, буд. 28/2","67,6",,"2020-09-01",1700000,"2021-08-31","Осадча Олена Василівна",,"Київ",,,"обтяження відсутнє",,1700000,"право користування","фізична особа","Перемога Пальчевського","Центральний офіс",39877693,"Україна","2020-09-30",3,2020
"Нежитлові офісні приміщення","м. Київ,просп. Правди, буд. 80А","133,4",,"2020-09-01",785592,"2021-08-31","Колупайло Богдан Юрійович",,"Київ",,,"обтяження відсутнє",,785592,"право користування","фізична особа","Перемога Пальчевського","Центральний офіс",39877693,"Україна","2020-09-30",3,2020
"Нежитлові офісні приміщення","м. Київ, бульв. Кольцова, буд. 14Д, оф. 1282",160,,"2020-09-01",4800000,"2021-08-31","Бакоцький Валерій Іванович",,"Київ",,,"обтяження відсутнє",,4800000,"право користування","фізична особа","Перемога Пальчевського","Центральний офіс",39877693,"Україна","2020-09-30",3,2020
"Нежитлові офісні приміщення","м. Київ, вул. Борщагівська, буд. 152А","93,7",,"2020-09-01",3300000,"2021-02-28","Пудрик Валерій Юрійович",,"Київ",,,"обтяження відсутнє",,3300000,"право користування","фізична особа","Перемога Пальчевського","Центральний офіс",39877693,"Україна","2020-09-30",3,2020
"Нежитлові офісні приміщення","м. Київ, вул. Довнар-Запольського, буд. 2/20, оф. 20","20,9",,"2020-09-01","712275,44","2020-12-31","Короткова Євгенія Анатоліївна",,"Київ",,,"обтяження відсутнє",,"712275,44","право користування","фізична особа","Перемога Пальчевського","Центральний офіс",39877693,"Україна","2020-09-30",3,2020
"Нежитлові офісні приміщення","м. Київ, вул. Волинська, буд. 60, оф. 38","14,8",882878780000,"2020-06-30",20000,"2021-06-30","ТОВ ""Фірма ""Престо ЛТД""","19018118","Київ, вул. Волинська, буд. 60",,,"обтяження відсутнє",,20000,"право користування","юридична особа","Перемога Пальчевського","Центральний офіс",39877693,"Україна","2020-09-30",3,2020
"Нежитлові офісні приміщення","м. Івано-Франківськ, вул. Гаркуші, буд. 29","160,6",122990,"2020-08-03",122990,"2020-12-31","ТОВ ""Олкам-ІФ""","43250671","Івано-Франківська обл., Івано-Франківськ, вул. Кобилянської, буд. 36",,,"обтяження відсутнє",,122990,"право користування","юридична особа","Перемога Пальчевського","Івано-Франківська обласна організація",40125923,"Івано-Франківська область","2020-09-30",3,2020
"Нежитлові офісні приміщення","м. Одеса, вул. Канатна, буд. 78",40,18925060,"2020-08-07",380000,"2020-12-31","Стогній Світлана Юріївна",,"Одеська обл., Одеса",,,"обтяження відсутнє",,380000,"право користування","фізична особа","Перемога Пальчевського","Одеська обласна організація",40124055,"Одеська область","2020-09-30",3,2020
"Нежитлові офісні приміщення","м. Краматорськ, вул. Академічна, буд. 48",200,,"2020-09-01",10000000,"2020-10-31","Прійменко Ірина Олександрівна",,"Донецька обл., Краматорськ",,,"обтяження відсутнє",,10000000,"право користування","фізична особа","Перемога Пальчевського","Донецька обласна організація",40116149,"Донецька область","2020-09-30",3,2020
"Нежитлові офісні приміщення","м. Миколаїв, вул. Авангардна, буд. 8",18,,"2020-08-03",7735,"2021-08-02","ТОВ ""СУМІСНЕ ПІДПРИЄМСТВО ""ПІВДЕННА АГРАРНО-ЕКСПОРТНА КОМПАНІЯ""","38524687","Миколаївська обл., Єланецький р-н, Калинівка, пров. Янтарний, буд. 8",,,"обтяження відсутнє",,7735,"право користування","юридична особа","Перемога Пальчевського","Миколаївська обласна організація",40120946,"Миколаївська область","2020-09-30",3,2020
"Нежитлові офісні приміщення","м. Рівне, вул. Соборна, буд. 185","61,9",,"2020-09-25",320000,"2020-12-31","Єлда Фарес Маммо",,"Рівненська обл., Рівне",,,"обтяження відсутнє",,320000,"право користування","фізична особа","Перемога Пальчевського","Рівненська обласна організація",40111470,"Рівненська область","2020-09-30",3,2020
"Нежитлові офісні приміщення","м. Херсон, просп. 200-річчя Херсона, буд. 38, корп. 6","19,5",,"2020-09-08",56357,"2020-11-08","Подвиженко Олександр Валерійович",,"Херсонська обл., Херсон",,,"обтяження відсутнє",,56357,"право користування","фізична особа","Перемога Пальчевського","Херсонська обласна організація",40113017,"Херсонська область","2020-09-30",3,2020
"Нежитлові офісні приміщення","м. Херсон, просп. 200-річчя Херсона, буд. 38, корп. 4","61,3",10748811,"2020-09-08",177164,"2020-11-08","ТОВ ""Молодіжний житловий комплекс""","14137852","Херсонська обл., Херсон, просп. 200-річчя Херсона, буд. 38",,,"обтяження відсутнє",,177164,"право користування","юридична особа","Перемога Пальчевського","Херсонська обласна організація",40113017,"Херсонська область","2020-09-30",3,2020
"Нежитлові офісні приміщення","м. Чернівці","45,8",1734674273101,"2020-08-01",251900,"2020-12-01","Сименюк Орися Миколаївна",,"Чернівецька обл., Чернівці",,,"обтяження відсутнє",,251900,"право користування","фізична особа","Перемога Пальчевського","Чернівецька обласна організація",40114843,"Чернівецька область","2020-09-30",3,2020
"Нежитлові офісні приміщення","м. Київ, просп. Лісовий, буд.25, пов.2","58,7",,"2020-10-12",850000,"2020-12-12","Голубчик Тамара Олександрівна",,"м. Київ",,,"обтяження відсутнє",,"850000,0","право користування","фізична особа","Перемога Пальчевського","Центральний офіс",39877693,"Україна","2020-12-31",4,2020
